{
 "l1": [
  {
   "val_loss": 2.191803455352783,
   "val_loss/L1": 0.004870997741818428,
   "val_loss/ESR": 0.008540519513189793,
   "val_loss/DC": 0.00016673556820023805,
   "val_loss/LogCosh": 2.7789747036877088e-05,
   "val_loss/STFT": 0.8236799836158752,
   "val_loss/MRSTFT": 0.7968738079071045,
   "val_loss/RRSTFT": 0.5576435923576355
  }
 ],
 "logcosh": [
  {
   "val_loss": 2.1501834392547607,
   "val_loss/L1": 0.005562434904277325,
   "val_loss/ESR": 0.009907574392855167,
   "val_loss/DC": 0.00036648500827141106,
   "val_loss/LogCosh": 3.225055115763098e-05,
   "val_loss/STFT": 0.8057119250297546,
   "val_loss/MRSTFT": 0.7793671488761902,
   "val_loss/RRSTFT": 0.5492355227470398
  }
 ],
 "esr+dc": [
  {
   "val_loss": 2.216851234436035,
   "val_loss/L1": 0.0053003099747002125,
   "val_loss/ESR": 0.009315866976976395,
   "val_loss/DC": 5.1687318773474544e-05,
   "val_loss/LogCosh": 3.0310860893223435e-05,
   "val_loss/STFT": 0.8310053944587708,
   "val_loss/MRSTFT": 0.8047267198562622,
   "val_loss/RRSTFT": 0.5664209127426147
  }
 ],
 "stft": [
  {
   "val_loss": 1.2852815389633179,
   "val_loss/L1": 0.008975457400083542,
   "val_loss/ESR": 0.054159317165613174,
   "val_loss/DC": 4.97280325362226e-06,
   "val_loss/LogCosh": 0.00017620334983803332,
   "val_loss/STFT": 0.451421856880188,
   "val_loss/MRSTFT": 0.4317302703857422,
   "val_loss/RRSTFT": 0.3388136029243469
  }
 ],
 "mrstft": [
  {
   "val_loss": 1.2544887065887451,
   "val_loss/L1": 0.008980763144791126,
   "val_loss/ESR": 0.055316898971796036,
   "val_loss/DC": 1.1038492857551319e-06,
   "val_loss/LogCosh": 0.00017994797963183373,
   "val_loss/STFT": 0.4398118853569031,
   "val_loss/MRSTFT": 0.4196034073829651,
   "val_loss/RRSTFT": 0.3305947184562683
  }
 ],
 "rrstft": [
  {
   "val_loss": 1.6562570333480835,
   "val_loss/L1": 0.01547803170979023,
   "val_loss/ESR": 0.21872472763061523,
   "val_loss/DC": 0.0001605836587259546,
   "val_loss/LogCosh": 0.0007051572320051491,
   "val_loss/STFT": 0.5247656106948853,
   "val_loss/MRSTFT": 0.5040490627288818,
   "val_loss/RRSTFT": 0.3923739194869995
  }
 ]
}