{
 "l1": [
  {
   "val_loss": 2.192999839782715,
   "val_loss/L1": 0.004868578165769577,
   "val_loss/ESR": 0.009247570298612118,
   "val_loss/DC": 0.00017245385970454663,
   "val_loss/LogCosh": 2.789249992929399e-05,
   "val_loss/STFT": 0.8255783319473267,
   "val_loss/MRSTFT": 0.7987862825393677,
   "val_loss/RRSTFT": 0.5543186664581299
  }
 ],
 "logcosh": [
  {
   "val_loss": 2.149608612060547,
   "val_loss/L1": 0.005570689216256142,
   "val_loss/ESR": 0.010359607636928558,
   "val_loss/DC": 0.0003921029274351895,
   "val_loss/LogCosh": 3.224901593057439e-05,
   "val_loss/STFT": 0.8068493604660034,
   "val_loss/MRSTFT": 0.7804977297782898,
   "val_loss/RRSTFT": 0.5459066033363342
  }
 ],
 "esr+dc": [
  {
   "val_loss": 2.2166659832000732,
   "val_loss/L1": 0.005301260389387608,
   "val_loss/ESR": 0.009672155603766441,
   "val_loss/DC": 4.820536560146138e-05,
   "val_loss/LogCosh": 3.0196371881174855e-05,
   "val_loss/STFT": 0.8323166370391846,
   "val_loss/MRSTFT": 0.8060272932052612,
   "val_loss/RRSTFT": 0.5632702112197876
  }
 ],
 "stft": [
  {
   "val_loss": 1.2915085554122925,
   "val_loss/L1": 0.008976267650723457,
   "val_loss/ESR": 0.054853539913892746,
   "val_loss/DC": 1.080286983778933e-05,
   "val_loss/LogCosh": 0.00017625998589210212,
   "val_loss/STFT": 0.452709823846817,
   "val_loss/MRSTFT": 0.43302521109580994,
   "val_loss/RRSTFT": 0.34175658226013184
  }
 ],
 "mrstft": [
  {
   "val_loss": 1.2609974145889282,
   "val_loss/L1": 0.008976605720818043,
   "val_loss/ESR": 0.056137651205062866,
   "val_loss/DC": 5.441876783152111e-05,
   "val_loss/LogCosh": 0.0001797690347302705,
   "val_loss/STFT": 0.44097578525543213,
   "val_loss/MRSTFT": 0.42079290747642517,
   "val_loss/RRSTFT": 0.33388033509254456
  }
 ],
 "rrstft": [
  {
   "val_loss": 1.6379966735839844,
   "val_loss/L1": 0.015477120876312256,
   "val_loss/ESR": 0.21662524342536926,
   "val_loss/DC": 0.00022139745124150068,
   "val_loss/LogCosh": 0.0007051324937492609,
   "val_loss/STFT": 0.5189737677574158,
   "val_loss/MRSTFT": 0.49819114804267883,
   "val_loss/RRSTFT": 0.38780292868614197
  }
 ]
}